Workbook

Sheet Cleaned_Dataset
A1: OrderID | B1: Date | C1: CustomerID | D1: Product | E1: Quantity | F1: UnitPrice | G1: ShippingAddress | H1: PaymentMethod | I1: OrderStatus | J1: TrackingNumber | K1: ItemsInCart | L1: CouponCode | M1: ReferralSource | N1: TotalPrice | O1: Duplicate_Check
A2: ORD200000 | B2: 44930 | C2: C72649 | D2: Monitor | E2: 5 | F2: 570.62 | G2: 928 Main St | H2: Debit Card | I2: Shipped | J2: TRK37947903 | K2: 7 | L2: SAVE10 | M2: Instagram | N2: 2853.1 | O2: =COUNTIF($A:$A,A2) -> 1
A3: ORD200001 | B3: 45527 | C3: C75739 | D3: Phone | E3: 2 | F3: 151.35 | G3: 823 Main St | H3: Online | I3: Shipped | J3: TRK91186779 | K3: 3 | L3: SAVE10 | M3: Referral | N3: 302.7 | O3: =COUNTIF($A:$A,A3) -> 1
A4: ORD200002 | B4: 45349 | C4: C81728 | D4: Tablet | E4: 5 | F4: 550.68 | G4: 512 Main St | H4: Credit Card | I4: Cancelled | J4: TRK42903982 | K4: 8 | L4: FREESHIP | M4: Email | N4: 2753.4 | O4: =COUNTIF($A:$A,A4) -> 1
A5: ORD200003 | B5: 45214 | C5: C33540 | D5: Chair | E5: 1 | F5: 273.19 | G5: 275 Main St | H5: Debit Card | I5: Returned | J5: TRK62788070 | K5: 5 | L5: SAVE10 | M5: Facebook | N5: 273.19 | O5: =COUNTIF($A:$A,A5) -> 1
A6: ORD200004 | B6: 45785 | C6: C81840 | D6: Printer | E6: 4 | F6: 626.01 | G6: 668 Main St | H6: Online | I6: Delivered | J6: TRK29241424 | K6: 8 | L6: SAVE10 | M6: Email | N6: 2504.04 | O6: =COUNTIF($A:$A,A6) -> 1
A7: ORD200005 | B7: 45222 | C7: C37249 | D7: Phone | E7: 2 | F7: 245.86 | G7: 934 Main St | H7: Credit Card | I7: Shipped | J7: TRK72976927 | K7: 4 | L7: SAVE10 | M7: Instagram | N7: 491.72 | O7: =COUNTIF($A:$A,A7) -> 1
A8: ORD200006 | B8: 45825 | C8: C83492 | D8: Laptop | E8: 1 | F8: 664.42 | G8: 986 Main St | H8: Gift Card | I8: Returned | J8: TRK96417362 | K8: 6 | L8: SAVE10 | M8: Facebook | N8: 664.42 | O8: =COUNTIF($A:$A,A8) -> 1
A9: ORD200007 | B9: 45058 | C9: C41460 | D9: Monitor | E9: 5 | F9: 149.55 | G9: 706 Main St | H9: Cash | I9: Shipped | J9: TRK78809193 | K9: 9 | L9: FREESHIP | M9: Facebook | N9: 747.75 | O9: =COUNTIF($A:$A,A9) -> 1
A10: ORD200008 | B10: 45749 | C10: C26817 | D10: Phone | E10: 2 | F10: 134.28 | G10: 904 Main St | H10: Gift Card | I10: Cancelled | J10: TRK61042692 | K10: 2 | L10: No Coupon | M10: Email | N10: 268.56 | O10: =COUNTIF($A:$A,A10) -> 1
A11: ORD200009 | B11: 45251 | C11: C31946 | D11: Desk | E11: 4 | F11: 509.38 | G11: 102 Main St | H11: Credit Card | I11: Shipped | J11: TRK33478363 | K11: 6 | L11: SAVE10 | M11: Google | N11: 2037.52 | O11: =COUNTIF($A:$A,A11) -> 1
A12: ORD200010 | B12: 45289 | C12: C43443 | D12: Tablet | E12: 5 | F12: 625.97 | G12: 333 Main St | H12: Credit Card | I12: Returned | J12: TRK98859248 | K12: 9 | L12: WINTER15 | M12: Instagram | N12: 3129.85 | O12: =COUNTIF($A:$A,A12) -> 1
A13: ORD200011 | B13: 45339 | C13: C93861 | D13: Monitor | E13: 3 | F13: 49.14 | G13: 831 Main St | H13: Online | I13: Returned | J13: TRK48234646 | K13: 7 | L13: SAVE10 | M13: Email | N13: 147.42 | O13: =COUNTIF($A:$A,A13) -> 1
... A1201: ORD201199 | B1201: 45088 | C1201: C57502 | D1201: Tablet | E1201: 4 | F1201: 560.58 | G1201: 201 Main St | H1201: Gift Card | I1201: Returned | J1201: TRK51116746 | K1201: 6 | L1201: SAVE10 | M1201: Referral | N1201: 2242.32 | O1201: =COUNTIF($A:$A,A1201) -> 1

Sheet Summary Statistics
A1: Metric | B1: Value
A2: Total Records | B2: =COUNT(Cleaned_Dataset!N2:N1201) -> 1200
A3: Total Revenue | B3: =SUM(Cleaned_Dataset!N2:N1201) -> 1264762
A4: Average Order Value | B4: =AVERAGE(Cleaned_Dataset!N2:N1201) -> 1053.9683
A5: Highest Order Value | B5: =MAX(Cleaned_Dataset!N2:N1201) -> 3456.4
A6: Lowest Order Value | B6: =MIN(Cleaned_Dataset!N2:N1201) -> 11.39
A7: Median Order Value | B7: =MEDIAN(Cleaned_Dataset!N2:N1201) -> 823.615

Sheet Manual Analysis
A3: Product | B3: Count | E3: Payment Method | F3: Count | I3: Status | J3: Count
A4: Printer | B4: =COUNTIF(Cleaned_Dataset!D2:D1201,"Printer") -> 181 | E4: Online | F4: =COUNTIF(Cleaned_Dataset!H2:H1201,"Online") -> 258 | I4: Delivered | J4: =COUNTIF(Cleaned_Dataset!I1:I1201,"Delivered") -> 231
A5: Laptop | B5: =COUNTIF(Cleaned_Dataset!D2:D1201,"Laptop") -> 173 | E5: Cash | F5: =COUNTIF(Cleaned_Dataset!H2:H1201,"Cash") -> 246 | I5: Shipped | J5: =COUNTIF(Cleaned_Dataset!I2:I1201,"Shipped") -> 235
A6: Phone | B6: =COUNTIF(Cleaned_Dataset!D2:D1201,"Phone") -> 156 | E6: Credit Card | F6: =COUNTIF(Cleaned_Dataset!H2:H1201,"Credit Card") -> 234 | I6: Pending | J6: =COUNTIF(Cleaned_Dataset!I2:I1201,"Pending") -> 237
A7: Tablet | B7: =COUNTIF(Cleaned_Dataset!D2:D1201,"Tablet") -> 179 | E7: Debit Card | F7: =COUNTIF(Cleaned_Dataset!H2:H1201,"Debit Card") -> 232 | I7: Cancelled | J7: =COUNTIF(Cleaned_Dataset!I2:I1201,"Cancelled") -> 250
A8: Chair | B8: =COUNTIF(Cleaned_Dataset!D2:D1201,"Chair") -> 178 | E8: Gift Card | F8: =COUNTIF(Cleaned_Dataset!H2:H1201,"Gift Card") -> 230
A9: Desk | B9: =COUNTIF(Cleaned_Dataset!D2:D1201,"Desk") -> 170
A10: Monitor | B10: =COUNTIF(Cleaned_Dataset!D2:D1201,"Monitor") -> 163
A14: Source | B14: Count | E14: Coupon | F14: Count
A15: Instagram | B15: =COUNTIF(Cleaned_Dataset!M2:M1201,"Instagram") -> 259 | E15: SAVE10
A16: Google | B16: =COUNTIF(Cleaned_Dataset!M2:M1201,"Google") -> 241 | E16: WINTER15 | F16: =COUNTIF(Cleaned_Dataset!L2:L1201,"WINTER15") -> 292
A17: Email | B17: =COUNTIF(Cleaned_Dataset!M2:M1201,"Email") -> 250 | E17: FREESHIP | F17: =COUNTIF(Cleaned_Dataset!L2:L1201,"FREESHIP") -> 313
A18: Referral | B18: =COUNTIF(Cleaned_Dataset!M2:M1201,"Referral") -> 222 | E18: No Coupon | F18: =COUNTIF(Cleaned_Dataset!L2:L1201,"No Coupon") -> 309

Sheet EDA Observations

Sheet Change Log
A1: Change ID | B1: Description | C1: Status
A2: CR001 | B2: Created Summary Statistics sheet | C2: Completed
A3: CR002 | B3: Performed Product Analysis | C3: Completed
A4: CR003 | B4: Performed Payment Method Analysis | C4: Completed
A5: CR004 | B5: Performed Referral Source Analysis | C5: Completed
A6: CR005 | B6: Performed Coupon Analysis | C6: Completed
A7: CR006 | B7: Performed Order Status Analysis | C7: Completed
A8: CR007 | B8: Documented EDA observations | C8: Completed
